Student_ID,Student_Name,Gender,City,Signup_Date,Signup_Year,Signup_Month
S001,Student_1,M,Delhi,2024-06-02 14:37:18,2024,June
S002,Student_2,F,Bangalore,2024-01-25 17:28:59,2024,January
S003,Student_3,M,Hyderabad,2024-05-08 07:30:34,2024,May
S004,Student_4,M,Bangalore,2024-04-10 01:27:00,2024,April
S005,Student_5,M,Hyderabad,2024-02-23 16:02:24,2024,February
S006,Student_6,F,Hyderabad,2024-03-16 23:31:41,2024,March
S007,Student_7,M,Pune,2024-02-16 08:57:47,2024,February
S008,Student_8,M,Hyderabad,2024-04-20 16:24:56,2024,April
S009,Student_9,M,Bangalore,2024-01-15 18:26:42,2024,January
S010,Student_10,F,Hyderabad,2024-01-01 22:31:23,2024,January
S011,Student_11,M,Pune,2024-04-23 15:34:24,2024,April
S012,Student_12,M,Pune,2024-02-05 03:55:34,2024,February
S013,Student_13,M,Bangalore,2024-01-13 20:10:02,2024,January
S014,Student_14,M,Mumbai,2024-03-12 19:37:44,2024,March
S015,Student_15,F,Mumbai,2024-01-10 04:32:19,2024,January
S016,Student_16,M,Hyderabad,2024-06-09 11:27:54,2024,June
S017,Student_17,F,Delhi,2024-01-05 23:58:02,2024,January
S018,Student_18,F,Hyderabad,2024-04-14 18:35:21,2024,April
S019,Student_19,F,Bangalore,2024-03-20 08:43:54,2024,March
S020,Student_20,M,Bangalore,2024-05-01 15:16:54,2024,May
S021,Student_21,F,Bangalore,2024-02-29 09:29:43,2024,February
S022,Student_22,M,Bangalore,2024-01-29 01:30:03,2024,January
S023,Student_23,F,Bangalore,2024-06-26 17:07:01,2024,June
S024,Student_24,F,Pune,2024-05-31 20:19:38,2024,May
S025,Student_25,F,Mumbai,2024-06-04 17:35:52,2024,June
S026,Student_26,F,Bangalore,2024-02-15 07:05:31,2024,February
S027,Student_27,F,Delhi,2024-01-08 00:41:53,2024,January
S028,Student_28,F,Delhi,2024-02-24 21:23:07,2024,February
S029,Student_29,F,Delhi,2024-04-07 05:05:10,2024,April
S030,Student_30,F,Delhi,2024-02-29 02:58:23,2024,February
S031,Student_31,M,Pune,2024-05-29 20:15:47,2024,May
S032,Student_32,M,Delhi,2024-02-19 03:34:57,2024,February
S033,Student_33,F,Bangalore,2024-06-23 17:03:14,2024,June
S034,Student_34,F,Hyderabad,2024-03-23 18:21:36,2024,March
S035,Student_35,F,Delhi,2024-06-01 09:44:54,2024,June
S036,Student_36,M,Pune,2024-02-05 04:23:13,2024,February
S037,Student_37,F,Pune,2024-03-15 10:55:17,2024,March
S038,Student_38,M,Delhi,2024-05-06 14:40:52,2024,May
S039,Student_39,M,Hyderabad,2024-01-26 01:00:21,2024,January
S040,Student_40,M,Delhi,2024-01-25 00:38:46,2024,January
S041,Student_41,M,Pune,2024-06-24 11:40:05,2024,June
S042,Student_42,M,Mumbai,2024-05-09 08:12:04,2024,May
S043,Student_43,F,Bangalore,2024-01-08 10:23:50,2024,January
S044,Student_44,F,Pune,2024-03-13 04:28:41,2024,March
S045,Student_45,F,Delhi,2024-03-19 11:12:51,2024,March
S046,Student_46,F,Bangalore,2024-05-14 16:07:16,2024,May
S047,Student_47,F,Delhi,2024-02-15 09:44:17,2024,February
S048,Student_48,M,Delhi,2024-02-03 08:44:44,2024,February
S049,Student_49,F,Mumbai,2024-01-15 15:18:44,2024,January
S050,Student_50,F,Bangalore,2024-03-18 12:35:53,2024,March
S051,Student_51,M,Bangalore,2024-05-04 14:50:37,2024,May
S052,Student_52,F,Mumbai,2024-01-11 12:47:35,2024,January
S053,Student_53,M,Pune,2024-06-14 15:41:18,2024,June
S054,Student_54,F,Delhi,2024-03-21 01:34:41,2024,March
S055,Student_55,M,Hyderabad,2024-02-13 09:38:11,2024,February
S056,Student_56,F,Delhi,2024-01-17 23:47:08,2024,January
S057,Student_57,F,Delhi,2024-02-03 02:22:12,2024,February
S058,Student_58,M,Pune,2024-06-18 03:57:48,2024,June
S059,Student_59,M,Delhi,2024-04-25 12:38:51,2024,April
S060,Student_60,M,Mumbai,2024-04-03 12:31:43,2024,April
S061,Student_61,M,Mumbai,2024-04-28 22:29:30,2024,April
S062,Student_62,M,Bangalore,2024-03-19 20:33:47,2024,March
S063,Student_63,M,Hyderabad,2024-05-12 03:17:27,2024,May
S064,Student_64,M,Delhi,2024-01-09 15:16:44,2024,January
S065,Student_65,M,Delhi,2024-04-12 10:51:56,2024,April
S066,Student_66,F,Pune,2024-01-29 17:09:37,2024,January
S067,Student_67,F,Mumbai,2024-01-22 17:59:43,2024,January
S068,Student_68,M,Hyderabad,2024-03-02 21:07:31,2024,March
S069,Student_69,F,Bangalore,2024-01-17 14:46:31,2024,January
S070,Student_70,F,Mumbai,2024-01-18 01:01:05,2024,January
S071,Student_71,F,Bangalore,2024-02-26 08:46:46,2024,February
S072,Student_72,F,Pune,2024-06-26 06:59:37,2024,June
S073,Student_73,M,Pune,2024-02-01 17:38:05,2024,February
S074,Student_74,F,Delhi,2024-01-04 02:32:52,2024,January
S075,Student_75,M,Hyderabad,2024-05-18 04:03:18,2024,May
S076,Student_76,F,Bangalore,2024-05-26 01:13:48,2024,May
S077,Student_77,F,Mumbai,2024-03-03 16:20:45,2024,March
S078,Student_78,F,Pune,2024-03-25 02:32:35,2024,March
S079,Student_79,M,Delhi,2024-04-27 14:37:01,2024,April
S080,Student_80,F,Delhi,2024-01-09 16:46:05,2024,January
S081,Student_81,M,Bangalore,2024-06-20 19:05:21,2024,June
S082,Student_82,F,Pune,2023-06-09 11:44:23,2023,June
S083,Student_83,M,Hyderabad,2023-02-17 05:19:19,2023,February
S084,Student_84,F,Pune,2023-01-03 18:28:59,2023,January
S085,Student_85,M,Bangalore,2023-06-17 22:50:50,2023,June
S086,Student_86,M,Bangalore,2023-03-31 16:31:02,2023,March
S087,Student_87,F,Pune,2023-04-07 15:03:20,2023,April
S088,Student_88,M,Bangalore,2023-05-03 19:08:19,2023,May
S089,Student_89,F,Pune,2023-04-21 11:15:27,2023,April
S090,Student_90,F,Mumbai,2023-06-19 20:15:54,2023,June
S091,Student_91,F,Pune,2024-06-19 21:49:44,2024,June
S092,Student_92,F,Pune,2024-06-05 23:06:44,2024,June
S093,Student_93,F,Bangalore,2024-04-25 04:32:14,2024,April
S094,Student_94,F,Bangalore,2024-05-24 23:19:25,2024,May
S095,Student_95,F,Delhi,2024-05-02 13:37:09,2024,May
S096,Student_96,F,Delhi,2024-04-13 18:42:23,2024,April
S097,Student_97,F,Mumbai,2024-01-24 06:12:20,2024,January
S098,Student_98,F,Delhi,2024-05-26 19:52:15,2024,May
S099,Student_99,F,Pune,2024-05-28 12:51:28,2024,May
S100,Student_100,M,Bangalore,2024-04-23 07:04:55,2024,April
S101,Student_101,M,Delhi,2024-05-28 11:56:03,2024,May
S102,Student_102,F,Delhi,2024-04-27 22:02:59,2024,April
S103,Student_103,F,Mumbai,2024-02-07 09:50:13,2024,February
S104,Student_104,F,Mumbai,2024-02-19 14:05:14,2024,February
S105,Student_105,F,Pune,2024-02-08 20:10:30,2024,February
S106,Student_106,F,Bangalore,2024-03-09 06:48:48,2024,March
S107,Student_107,F,Mumbai,2024-01-08 01:15:21,2024,January
S108,Student_108,F,Delhi,2024-04-21 21:41:42,2024,April
S109,Student_109,F,Bangalore,2024-03-01 21:59:29,2024,March
S110,Student_110,M,Bangalore,2024-04-28 16:27:33,2024,April
S111,Student_111,F,Delhi,2024-03-10 18:09:47,2024,March
S112,Student_112,M,Mumbai,2024-05-03 08:55:47,2024,May
S113,Student_113,F,Delhi,2024-03-02 15:40:23,2024,March
S114,Student_114,F,Bangalore,2024-02-17 04:27:25,2024,February
S115,Student_115,M,Hyderabad,2024-03-30 18:47:12,2024,March
S116,Student_116,F,Hyderabad,2024-05-05 09:54:57,2024,May
S117,Student_117,M,Pune,2024-03-04 01:10:27,2024,March
S118,Student_118,F,Delhi,2024-06-18 12:47:58,2024,June
S119,Student_119,F,Delhi,2024-01-08 02:13:31,2024,January
S120,Student_120,M,Pune,2024-03-16 15:33:27,2024,March
S121,Student_121,F,Pune,2024-06-24 03:10:12,2024,June
S122,Student_122,M,Pune,2024-04-09 04:23:23,2024,April
S123,Student_123,F,Bangalore,2024-03-17 15:33:28,2024,March
S124,Student_124,M,Delhi,2024-04-12 21:39:08,2024,April
S125,Student_125,M,Bangalore,2024-04-14 05:48:59,2024,April
S126,Student_126,F,Pune,2024-05-12 10:16:40,2024,May
S127,Student_127,F,Delhi,2024-01-24 02:41:03,2024,January
S128,Student_128,M,Bangalore,2024-02-15 06:04:17,2024,February
S129,Student_129,F,Bangalore,2024-04-15 01:52:59,2024,April
S130,Student_130,F,Pune,2024-06-05 22:45:16,2024,June
S131,Student_131,F,Delhi,2023-04-11 16:44:56,2023,April
S132,Student_132,M,Pune,2023-02-13 04:27:53,2023,February
S133,Student_133,M,Delhi,2023-05-03 01:14:45,2023,May
S134,Student_134,M,Hyderabad,2023-05-13 22:09:49,2023,May
S135,Student_135,M,Mumbai,2023-02-13 02:53:52,2023,February
S136,Student_136,M,Mumbai,2023-03-09 08:51:15,2023,March
S137,Student_137,M,Mumbai,2024-04-06 17:07:07,2024,April
S138,Student_138,M,Pune,2023-03-30 21:03:43,2023,March
S139,Student_139,M,Hyderabad,2023-03-11 12:30:03,2023,March
S140,Student_140,M,Delhi,2023-02-23 20:55:38,2023,February
S141,Student_141,F,Bangalore,2024-01-19 02:20:04,2024,January
S142,Student_142,M,Delhi,2024-01-10 16:20:24,2024,January
S143,Student_143,F,Bangalore,2024-06-22 11:54:15,2024,June
S144,Student_144,F,Delhi,2024-06-02 07:59:23,2024,June
S145,Student_145,F,Hyderabad,2024-03-05 05:42:29,2024,March
S146,Student_146,M,Bangalore,2024-06-22 04:20:35,2024,June
S147,Student_147,M,Pune,2024-05-02 11:53:18,2024,May
S148,Student_148,M,Delhi,2024-03-28 08:04:16,2024,March
S149,Student_149,M,Delhi,2024-03-30 05:42:12,2024,March
S150,Student_150,F,Bangalore,2024-01-16 01:47:15,2024,January
S151,Student_151,M,Pune,2024-01-17 14:21:46,2024,January
S152,Student_152,M,Pune,2024-04-19 01:00:12,2024,April
S153,Student_153,M,Hyderabad,2024-04-10 05:17:10,2024,April
S154,Student_154,M,Pune,2024-02-08 12:05:24,2024,February
S155,Student_155,M,Pune,2024-06-20 06:16:09,2024,June
S156,Student_156,F,Pune,2024-05-21 09:57:00,2024,May
S157,Student_157,M,Mumbai,2024-01-21 12:53:25,2024,January
S158,Student_158,F,Hyderabad,2023-06-17 11:57:22,2023,June
S159,Student_159,M,Delhi,2024-06-25 08:08:03,2024,June
S160,Student_160,F,Bangalore,2024-06-29 06:19:31,2024,June
S161,Student_161,M,Delhi,2024-01-11 02:42:15,2024,January
S162,Student_162,M,Hyderabad,2024-05-13 09:40:57,2024,May
S163,Student_163,F,Bangalore,2023-04-08 19:27:29,2023,April
S164,Student_164,F,Hyderabad,2024-05-07 18:07:55,2024,May
S165,Student_165,F,Pune,2024-06-24 07:49:27,2024,June
S166,Student_166,M,Bangalore,2024-05-04 12:48:09,2024,May
S167,Student_167,F,Pune,2024-05-31 11:46:16,2024,May
S168,Student_168,M,Delhi,2024-06-05 21:40:40,2024,June
S169,Student_169,M,Delhi,2024-05-31 18:21:38,2024,May
S170,Student_170,F,Bangalore,2024-03-18 02:56:29,2024,March
S171,Student_171,F,Bangalore,2024-02-10 06:52:19,2024,February
S172,Student_172,M,Hyderabad,2024-03-12 19:03:16,2024,March
S173,Student_173,M,Hyderabad,2024-06-10 10:24:01,2024,June
S174,Student_174,F,Pune,2024-01-27 12:51:05,2024,January
S175,Student_175,F,Bangalore,2024-04-02 21:53:20,2024,April
S176,Student_176,F,Delhi,2024-02-12 05:08:34,2024,February
S177,Student_177,M,Hyderabad,2024-04-15 05:11:27,2024,April
S178,Student_178,M,Hyderabad,2024-06-05 05:28:25,2024,June
S179,Student_179,M,Delhi,2024-06-08 08:17:01,2024,June
S180,Student_180,M,Hyderabad,2024-02-12 20:09:38,2024,February
S181,Student_181,M,Pune,2024-06-13 07:01:17,2024,June
S182,Student_182,M,Bangalore,2024-04-17 03:09:53,2024,April
S183,Student_183,F,Delhi,2024-03-04 09:20:53,2024,March
S184,Student_184,M,Bangalore,2024-05-08 04:20:21,2024,May
S185,Student_185,M,Hyderabad,2024-03-28 04:21:41,2024,March
S186,Student_186,M,Hyderabad,2023-03-09 09:58:41,2023,March
S187,Student_187,F,Delhi,2024-05-07 14:53:11,2024,May
S188,Student_188,M,Pune,2024-02-15 00:27:28,2024,February
S189,Student_189,M,Mumbai,2024-02-29 18:37:01,2024,February
S190,Student_190,F,Delhi,2024-03-19 15:15:32,2024,March
S191,Student_191,M,Mumbai,2024-02-15 21:59:43,2024,February
S192,Student_192,M,Mumbai,2024-03-14 08:11:52,2024,March
S193,Student_193,M,Pune,2024-04-13 10:28:44,2024,April
S194,Student_194,M,Mumbai,2024-05-14 02:47:26,2024,May
S195,Student_195,M,Mumbai,2023-05-18 20:41:40,2023,May
S196,Student_196,F,Pune,2024-05-28 22:12:05,2024,May
S197,Student_197,F,Mumbai,2024-05-14 16:51:20,2024,May
S198,Student_198,F,Mumbai,2024-05-03 06:26:07,2024,May
S199,Student_199,M,Mumbai,2024-02-12 23:43:41,2024,February
S200,Student_200,M,Delhi,2024-03-13 10:34:06,2024,March
